{"south": 23.016492, "north": 23.21915, "west": 113.187147, "east": 113.527888}