{"south": 23.013344, "north": 23.250011, "west": 113.145446, "east": 113.527888}